{
	"description": "项目配置文件。",
	"packOptions": {
		"ignore": []
	},
	"setting": {
		"urlCheck": false,
		"es6": true,
		"enhance": true,
		"postcss": true,
		"preloadBackgroundData": false,
		"minified": true,
		"newFeature": true,
		"coverView": true,
		"nodeModules": true,
		"autoAudits": false,
		"showShadowRootInWxmlPanel": true,
		"scopeDataCheck": false,
		"checkInvalidKey": true,
		"checkSiteMap": true,
		"uploadWithSourceMap": true,
		"babelSetting": {
			"ignore": [],
			"disablePlugins": [],
			"outputPath": ""
		},
		"useCompilerModule": true,
		"userConfirmedUseCompilerModuleSwitch": false
	},
	"compileType": "miniprogram",
	"libVersion": "2.9.3",
	"appid": "wx49dcfadf37320182",
	"projectname": "%E9%9A%8F%E5%BF%83%E8%B4%AD%E5%95%86%E5%9F%8E",
	"isGameTourist": false,
	"simulatorType": "wechat",
	"simulatorPluginLibVersion": {},
	"condition": {
		"search": {
			"current": -1,
			"list": []
		},
		"conversation": {
			"current": -1,
			"list": []
		},
		"plugin": {
			"current": -1,
			"list": []
		},
		"game": {
			"currentL": -1,
			"list": []
		},
		"gamePlugin": {
			"current": -1,
			"list": []
		},
		"miniprogram": {
			"current": -1,
			"list": [
				{
					"id": -1,
					"name": "首页",
					"pathName": "pages/index/index",
					"query": "",
					"scene": null
				},
				{
					"id": -1,
					"name": "分类",
					"pathName": "pages/category/index",
					"query": "",
					"scene": null
				},
				{
					"id": 2,
					"name": "商品列表",
					"pathName": "pages/goods_list/index",
					"query": "cid=5",
					"scene": null
				},
				{
					"id": 3,
					"name": "商品详情",
					"pathName": "pages/goods_detail/index",
					"query": "goods_id=43986",
					"scene": null
				},
				{
					"id": -1,
					"name": "购物车",
					"pathName": "pages/cart/index",
					"query": "",
					"scene": null
				},
				{
					"id": -1,
					"name": "个人中心",
					"pathName": "pages/user/index",
					"scene": null
				}
			]
		}
	}
}